﻿<?xml version="1.0" encoding="utf-16"?>
<ArrayOfSampleDesc xmlns:xsi="http://www.w3.org/2001/XMLSchema-instance" xmlns:xsd="http://www.w3.org/2001/XMLSchema">
  <SampleDesc>
    <ID>CCA0E6B527ABE011041189C8B543751E</ID>
    <FullTypeName>MonoTouch.Foundation.NSObject</FullTypeName>
    <DocumentationFilePath>/Library/Developer/Shared/Documentation/DocSets/com.apple.adc.documentation.AppleiOS5_0.iOSLibrary.docset/Contents/Resources/Documents/documentation/../documentation/Cocoa/Reference/Foundation/Classes/NSObject_Class/Reference/Reference.html</DocumentationFilePath>
    <Language>obj-c</Language>
  </SampleDesc>
  <SampleDesc>
    <ID>0A62ED3610FD87ABD01A6B74D8D114ED</ID>
    <FullTypeName>MonoTouch.Foundation.NSObject</FullTypeName>
    <DocumentationFilePath>/Library/Developer/Shared/Documentation/DocSets/com.apple.adc.documentation.AppleiOS5_0.iOSLibrary.docset/Contents/Resources/Documents/documentation/../documentation/Cocoa/Reference/Foundation/Classes/NSObject_Class/Reference/Reference.html</DocumentationFilePath>
    <Language>C#</Language>
  </SampleDesc>
  <SampleDesc>
    <ID>84BFB90E1A5AAC44353C6003461B803D</ID>
    <FullTypeName>MonoTouch.Foundation.NSObject</FullTypeName>
    <DocumentationFilePath>/Library/Developer/Shared/Documentation/DocSets/com.apple.adc.documentation.AppleiOS5_0.iOSLibrary.docset/Contents/Resources/Documents/documentation/../documentation/Cocoa/Reference/Foundation/Classes/NSObject_Class/Reference/Reference.html</DocumentationFilePath>
    <Language>C#</Language>
  </SampleDesc>
  <SampleDesc>
    <ID>53DA9F4113369A250F46B8C05609B08A</ID>
    <FullTypeName>MonoTouch.Foundation.NSObject</FullTypeName>
    <DocumentationFilePath>/Library/Developer/Shared/Documentation/DocSets/com.apple.adc.documentation.AppleiOS5_0.iOSLibrary.docset/Contents/Resources/Documents/documentation/../documentation/Cocoa/Reference/Foundation/Classes/NSObject_Class/Reference/Reference.html</DocumentationFilePath>
    <Language>C#</Language>
  </SampleDesc>
  <SampleDesc>
    <ID>1738C92CBAEA3C8183F0FE2F4239469C</ID>
    <FullTypeName>MonoTouch.AssetsLibrary.ALAssetsLibrary</FullTypeName>
    <DocumentationFilePath>/Library/Developer/Shared/Documentation/DocSets/com.apple.adc.documentation.AppleiOS5_0.iOSLibrary.docset/Contents/Resources/Documents/documentation/../documentation/AssetsLibrary/Reference/ALAssetsLibrary_Class/Reference/Reference.html</DocumentationFilePath>
    <Language>obj-c</Language>
  </SampleDesc>
  <SampleDesc>
    <ID>A2BAC7A27DF929D6F83C01C9A05A8DEC</ID>
    <FullTypeName>MonoTouch.Foundation.NSFileManager</FullTypeName>
    <DocumentationFilePath>/Library/Developer/Shared/Documentation/DocSets/com.apple.adc.documentation.AppleiOS5_0.iOSLibrary.docset/Contents/Resources/Documents/documentation/../documentation/Cocoa/Reference/Foundation/Classes/NSFileManager_Class/Reference/Reference.html</DocumentationFilePath>
    <Language>obj-c</Language>
  </SampleDesc>
  <SampleDesc>
    <ID>056886C601A30FCF212959AC8FE18A90</ID>
    <FullTypeName>MonoTouch.Foundation.NSFileManager</FullTypeName>
    <DocumentationFilePath>/Library/Developer/Shared/Documentation/DocSets/com.apple.adc.documentation.AppleiOS5_0.iOSLibrary.docset/Contents/Resources/Documents/documentation/../documentation/Cocoa/Reference/Foundation/Classes/NSFileManager_Class/Reference/Reference.html</DocumentationFilePath>
    <Language>C#</Language>
  </SampleDesc>
  <SampleDesc>
    <ID>A4B974387BFAB44B6A2AC685C90C215E</ID>
    <FullTypeName>MonoTouch.Foundation.NSFileManager</FullTypeName>
    <DocumentationFilePath>/Library/Developer/Shared/Documentation/DocSets/com.apple.adc.documentation.AppleiOS5_0.iOSLibrary.docset/Contents/Resources/Documents/documentation/../documentation/Cocoa/Reference/Foundation/Classes/NSFileManager_Class/Reference/Reference.html</DocumentationFilePath>
    <Language>obj-c</Language>
  </SampleDesc>
  <SampleDesc>
    <ID>B3A6ED5A758672ED5CAA6B7E64897679</ID>
    <FullTypeName>MonoTouch.Foundation.NSFileManager</FullTypeName>
    <DocumentationFilePath>/Library/Developer/Shared/Documentation/DocSets/com.apple.adc.documentation.AppleiOS5_0.iOSLibrary.docset/Contents/Resources/Documents/documentation/../documentation/Cocoa/Reference/Foundation/Classes/NSFileManager_Class/Reference/Reference.html</DocumentationFilePath>
    <Language>obj-c</Language>
  </SampleDesc>
  <SampleDesc>
    <ID>208ECCB5982255AF01F9B6951776BC68</ID>
    <FullTypeName>MonoTouch.Foundation.NSFileManager</FullTypeName>
    <DocumentationFilePath>/Library/Developer/Shared/Documentation/DocSets/com.apple.adc.documentation.AppleiOS5_0.iOSLibrary.docset/Contents/Resources/Documents/documentation/../documentation/Cocoa/Reference/Foundation/Classes/NSFileManager_Class/Reference/Reference.html</DocumentationFilePath>
    <Language>obj-c</Language>
  </SampleDesc>
  <SampleDesc>
    <ID>FEC04143FC2FEFD9FDBFDB97D41DAB67</ID>
    <FullTypeName>MonoTouch.MediaPlayer.MPMediaItem</FullTypeName>
    <DocumentationFilePath>/Library/Developer/Shared/Documentation/DocSets/com.apple.adc.documentation.AppleiOS5_0.iOSLibrary.docset/Contents/Resources/Documents/documentation/../documentation/MediaPlayer/Reference/MPMediaItem_ClassReference/Reference/Reference.html</DocumentationFilePath>
    <Language>obj-c</Language>
  </SampleDesc>
  <SampleDesc>
    <ID>282C4685E8AE5DE99850028A11CE61A4</ID>
    <FullTypeName>MonoTouch.MediaPlayer.MPMediaItem</FullTypeName>
    <DocumentationFilePath>/Library/Developer/Shared/Documentation/DocSets/com.apple.adc.documentation.AppleiOS5_0.iOSLibrary.docset/Contents/Resources/Documents/documentation/../documentation/MediaPlayer/Reference/MPMediaItem_ClassReference/Reference/Reference.html</DocumentationFilePath>
    <Language>obj-c</Language>
  </SampleDesc>
  <SampleDesc>
    <ID>164455F265CF8BA87F44A4ED4AE3D952</ID>
    <FullTypeName>MonoTouch.UIKit.UIAppearance</FullTypeName>
    <DocumentationFilePath>/Library/Developer/Shared/Documentation/DocSets/com.apple.adc.documentation.AppleiOS5_0.iOSLibrary.docset/Contents/Resources/Documents/documentation/../documentation/UIKit/Reference/UIAppearance_Protocol/Reference/Reference.html</DocumentationFilePath>
    <Language>C#</Language>
  </SampleDesc>
  <SampleDesc>
    <ID>234C62A3C6381E1AA0C2EE2872EACE93</ID>
    <FullTypeName>MonoTouch.UIKit.UIAppearance</FullTypeName>
    <DocumentationFilePath>/Library/Developer/Shared/Documentation/DocSets/com.apple.adc.documentation.AppleiOS5_0.iOSLibrary.docset/Contents/Resources/Documents/documentation/../documentation/UIKit/Reference/UIAppearance_Protocol/Reference/Reference.html</DocumentationFilePath>
    <Language>C#</Language>
  </SampleDesc>
  <SampleDesc>
    <ID>9065A180E4A10BA0C63248F4021B1CD4</ID>
    <FullTypeName>MonoTouch.UIKit.UIGestureRecognizer</FullTypeName>
    <DocumentationFilePath>/Library/Developer/Shared/Documentation/DocSets/com.apple.adc.documentation.AppleiOS5_0.iOSLibrary.docset/Contents/Resources/Documents/documentation/../documentation/UIKit/Reference/UIGestureRecognizer_Class/Reference/Reference.html</DocumentationFilePath>
    <Language>C#</Language>
  </SampleDesc>
  <SampleDesc>
    <ID>2AFFF0CC34777EA8618D2155B8F22A50</ID>
    <FullTypeName>MonoTouch.UIKit.UIGestureRecognizer</FullTypeName>
    <DocumentationFilePath>/Library/Developer/Shared/Documentation/DocSets/com.apple.adc.documentation.AppleiOS5_0.iOSLibrary.docset/Contents/Resources/Documents/documentation/../documentation/UIKit/Reference/UIGestureRecognizer_Class/Reference/Reference.html</DocumentationFilePath>
    <Language>C#</Language>
  </SampleDesc>
  <SampleDesc>
    <ID>BDBFAFE092E29E17C13A185A4DA490B9</ID>
    <FullTypeName>MonoTouch.UIKit.UIImagePickerController</FullTypeName>
    <DocumentationFilePath>/Library/Developer/Shared/Documentation/DocSets/com.apple.adc.documentation.AppleiOS5_0.iOSLibrary.docset/Contents/Resources/Documents/documentation/../documentation/UIKit/Reference/UIImagePickerController_Class/UIImagePickerController/UIImagePickerController.html</DocumentationFilePath>
    <Language>C#</Language>
  </SampleDesc>
  <SampleDesc>
    <ID>C9C8843BC069798AE0CA9C51FAB800F2</ID>
    <FullTypeName>MonoTouch.UIKit.UIImagePickerController</FullTypeName>
    <DocumentationFilePath>/Library/Developer/Shared/Documentation/DocSets/com.apple.adc.documentation.AppleiOS5_0.iOSLibrary.docset/Contents/Resources/Documents/documentation/../documentation/UIKit/Reference/UIImagePickerController_Class/UIImagePickerController/UIImagePickerController.html</DocumentationFilePath>
    <Language>C#</Language>
  </SampleDesc>
  <SampleDesc>
    <ID>9C1F609E2FDEE13A3602221887CF2C16</ID>
    <FullTypeName>MonoTouch.UIKit.UIResponder</FullTypeName>
    <DocumentationFilePath>/Library/Developer/Shared/Documentation/DocSets/com.apple.adc.documentation.AppleiOS5_0.iOSLibrary.docset/Contents/Resources/Documents/documentation/../documentation/UIKit/Reference/UIResponder_Class/Reference/Reference.html</DocumentationFilePath>
    <Language>C#</Language>
  </SampleDesc>
  <SampleDesc>
    <ID>C0F49FFBB451DA583BBF941C1457DD0E</ID>
    <FullTypeName>MonoTouch.UIKit.UIResponder</FullTypeName>
    <DocumentationFilePath>/Library/Developer/Shared/Documentation/DocSets/com.apple.adc.documentation.AppleiOS5_0.iOSLibrary.docset/Contents/Resources/Documents/documentation/../documentation/UIKit/Reference/UIResponder_Class/Reference/Reference.html</DocumentationFilePath>
    <Language>C#</Language>
  </SampleDesc>
  <SampleDesc>
    <ID>0F3948D788C5059D7213B46407B7A913</ID>
    <FullTypeName>MonoTouch.UIKit.UIResponder</FullTypeName>
    <DocumentationFilePath>/Library/Developer/Shared/Documentation/DocSets/com.apple.adc.documentation.AppleiOS5_0.iOSLibrary.docset/Contents/Resources/Documents/documentation/../documentation/UIKit/Reference/UIResponder_Class/Reference/Reference.html</DocumentationFilePath>
    <Language>C#</Language>
  </SampleDesc>
  <SampleDesc>
    <ID>5570B24E429E26D75951535F5A4A5606</ID>
    <FullTypeName>MonoTouch.UIKit.UIResponder</FullTypeName>
    <DocumentationFilePath>/Library/Developer/Shared/Documentation/DocSets/com.apple.adc.documentation.AppleiOS5_0.iOSLibrary.docset/Contents/Resources/Documents/documentation/../documentation/UIKit/Reference/UIResponder_Class/Reference/Reference.html</DocumentationFilePath>
    <Language>C#</Language>
  </SampleDesc>
  <SampleDesc>
    <ID>8BBA3E94D3685686EA0495396EAFA973</ID>
    <FullTypeName>MonoTouch.UIKit.UIScreen</FullTypeName>
    <DocumentationFilePath>/Library/Developer/Shared/Documentation/DocSets/com.apple.adc.documentation.AppleiOS5_0.iOSLibrary.docset/Contents/Resources/Documents/documentation/../documentation/UIKit/Reference/UIScreen_Class/Reference/UIScreen.html</DocumentationFilePath>
    <Language>C#</Language>
  </SampleDesc>
  <SampleDesc>
    <ID>A605D8C7DBB98A06B098C7BE2FE1F285</ID>
    <FullTypeName>MonoTouch.UIKit.UISearchDisplayController</FullTypeName>
    <DocumentationFilePath>/Library/Developer/Shared/Documentation/DocSets/com.apple.adc.documentation.AppleiOS5_0.iOSLibrary.docset/Contents/Resources/Documents/documentation/../documentation/UIKit/Reference/UISearchDisplayController_Class/Reference/Reference.html</DocumentationFilePath>
    <Language>C#</Language>
  </SampleDesc>
  <SampleDesc>
    <ID>A7B27470F554478156913A05996D7A15</ID>
    <FullTypeName>MonoTouch.UIKit.UISearchDisplayController</FullTypeName>
    <DocumentationFilePath>/Library/Developer/Shared/Documentation/DocSets/com.apple.adc.documentation.AppleiOS5_0.iOSLibrary.docset/Contents/Resources/Documents/documentation/../documentation/UIKit/Reference/UISearchDisplayController_Class/Reference/Reference.html</DocumentationFilePath>
    <Language>C#</Language>
  </SampleDesc>
  <SampleDesc>
    <ID>0726C0E1CF5C40269F8096A51EFC783C</ID>
    <FullTypeName>MonoTouch.UIKit.UISegmentedControl</FullTypeName>
    <DocumentationFilePath>/Library/Developer/Shared/Documentation/DocSets/com.apple.adc.documentation.AppleiOS5_0.iOSLibrary.docset/Contents/Resources/Documents/documentation/../documentation/UIKit/Reference/UISegmentedControl_Class/Reference/UISegmentedControl.html</DocumentationFilePath>
    <Language>C#</Language>
  </SampleDesc>
  <SampleDesc>
    <ID>FBE56DE82EE338B2D4D65669574BA089</ID>
    <FullTypeName>MonoTouch.UIKit.UISegmentedControl</FullTypeName>
    <DocumentationFilePath>/Library/Developer/Shared/Documentation/DocSets/com.apple.adc.documentation.AppleiOS5_0.iOSLibrary.docset/Contents/Resources/Documents/documentation/../documentation/UIKit/Reference/UISegmentedControl_Class/Reference/UISegmentedControl.html</DocumentationFilePath>
    <Language>C#</Language>
  </SampleDesc>
  <SampleDesc>
    <ID>141468B54A250BB0D60482EA199050F5</ID>
    <FullTypeName>MonoTouch.UIKit.UIView</FullTypeName>
    <DocumentationFilePath>/Library/Developer/Shared/Documentation/DocSets/com.apple.adc.documentation.AppleiOS5_0.iOSLibrary.docset/Contents/Resources/Documents/documentation/../documentation/UIKit/Reference/UIView_Class/UIView/UIView.html</DocumentationFilePath>
    <Language>C#</Language>
  </SampleDesc>
  <SampleDesc>
    <ID>BB70CB479FF3B79654FE99A317887EBE</ID>
    <FullTypeName>MonoTouch.UIKit.UIView</FullTypeName>
    <DocumentationFilePath>/Library/Developer/Shared/Documentation/DocSets/com.apple.adc.documentation.AppleiOS5_0.iOSLibrary.docset/Contents/Resources/Documents/documentation/../documentation/UIKit/Reference/UIView_Class/UIView/UIView.html</DocumentationFilePath>
    <Language>C#</Language>
  </SampleDesc>
  <SampleDesc>
    <ID>9F67F429643BCA1E5FB426C03DB30090</ID>
    <FullTypeName>MonoTouch.UIKit.UIView</FullTypeName>
    <DocumentationFilePath>/Library/Developer/Shared/Documentation/DocSets/com.apple.adc.documentation.AppleiOS5_0.iOSLibrary.docset/Contents/Resources/Documents/documentation/../documentation/UIKit/Reference/UIView_Class/UIView/UIView.html</DocumentationFilePath>
    <Language>C#</Language>
  </SampleDesc>
  <SampleDesc>
    <ID>D735C83439945C912D46F8E9367795AA</ID>
    <FullTypeName>MonoTouch.AVFoundation.AVAudioPlayer</FullTypeName>
    <DocumentationFilePath>/Library/Developer/Shared/Documentation/DocSets/com.apple.adc.documentation.AppleiOS5_0.iOSLibrary.docset/Contents/Resources/Documents/documentation/../documentation/AVFoundation/Reference/AVAudioPlayerClassReference/Reference/Reference.html</DocumentationFilePath>
    <Language>obj-c</Language>
  </SampleDesc>
  <SampleDesc>
    <ID>273ADABF343DADDB3E41CEF003E387A1</ID>
    <FullTypeName>MonoTouch.AVFoundation.AVAudioPlayer</FullTypeName>
    <DocumentationFilePath>/Library/Developer/Shared/Documentation/DocSets/com.apple.adc.documentation.AppleiOS5_0.iOSLibrary.docset/Contents/Resources/Documents/documentation/../documentation/AVFoundation/Reference/AVAudioPlayerClassReference/Reference/Reference.html</DocumentationFilePath>
    <Language>obj-c</Language>
  </SampleDesc>
  <SampleDesc>
    <ID>C33444D21E2E202F9F7BB6CE528824D4</ID>
    <FullTypeName>MonoTouch.AVFoundation.AVAudioPlayer</FullTypeName>
    <DocumentationFilePath>/Library/Developer/Shared/Documentation/DocSets/com.apple.adc.documentation.AppleiOS5_0.iOSLibrary.docset/Contents/Resources/Documents/documentation/../documentation/AVFoundation/Reference/AVAudioPlayerClassReference/Reference/Reference.html</DocumentationFilePath>
    <Language>obj-c</Language>
  </SampleDesc>
  <SampleDesc>
    <ID>F1FE1B296EE68D6290696F81DBC9C374</ID>
    <FullTypeName>MonoTouch.AVFoundation.AVCaptureVideoDataOutput</FullTypeName>
    <DocumentationFilePath>/Library/Developer/Shared/Documentation/DocSets/com.apple.adc.documentation.AppleiOS5_0.iOSLibrary.docset/Contents/Resources/Documents/documentation/../documentation/AVFoundation/Reference/AVCaptureVideoDataOutput_Class/Reference/Reference.html</DocumentationFilePath>
    <Language>obj-c</Language>
  </SampleDesc>
  <SampleDesc>
    <ID>A04A02949F92EF25DFA93F83BE123EB4</ID>
    <FullTypeName>MonoTouch.CoreAnimation.CADisplayLink</FullTypeName>
    <DocumentationFilePath>/Library/Developer/Shared/Documentation/DocSets/com.apple.adc.documentation.AppleiOS5_0.iOSLibrary.docset/Contents/Resources/Documents/documentation/../documentation/QuartzCore/Reference/CADisplayLink_ClassRef/Reference/Reference.html</DocumentationFilePath>
    <Language>obj-c</Language>
  </SampleDesc>
  <SampleDesc>
    <ID>38109D6797B87D8FC7A232764A9A30C8</ID>
    <FullTypeName>MonoTouch.CoreImage.CIFilter</FullTypeName>
    <DocumentationFilePath>/Library/Developer/Shared/Documentation/DocSets/com.apple.adc.documentation.AppleiOS5_0.iOSLibrary.docset/Contents/Resources/Documents/documentation/../documentation/GraphicsImaging/Reference/QuartzCoreFramework/Classes/CIFilter_Class/Reference/Reference.html</DocumentationFilePath>
    <Language>obj-c</Language>
  </SampleDesc>
  <SampleDesc>
    <ID>B7A3FE576CE18093D6B488E8C794F0CB</ID>
    <FullTypeName>MonoTouch.Foundation.NSBundle</FullTypeName>
    <DocumentationFilePath>/Library/Developer/Shared/Documentation/DocSets/com.apple.adc.documentation.AppleiOS5_0.iOSLibrary.docset/Contents/Resources/Documents/documentation/../documentation/Cocoa/Reference/Foundation/Classes/NSBundle_Class/Reference/Reference.html</DocumentationFilePath>
    <Language>C#</Language>
  </SampleDesc>
  <SampleDesc>
    <ID>E710D1E97B6F94AEFF34868FEA01D067</ID>
    <FullTypeName>MonoTouch.Foundation.NSBundle</FullTypeName>
    <DocumentationFilePath>/Library/Developer/Shared/Documentation/DocSets/com.apple.adc.documentation.AppleiOS5_0.iOSLibrary.docset/Contents/Resources/Documents/documentation/../documentation/Cocoa/Reference/Foundation/Classes/NSBundle_Class/Reference/Reference.html</DocumentationFilePath>
    <Language>C#</Language>
  </SampleDesc>
  <SampleDesc>
    <ID>8CF3D5F13F4754F959863DF21B503508</ID>
    <FullTypeName>MonoTouch.Foundation.NSBundle</FullTypeName>
    <DocumentationFilePath>/Library/Developer/Shared/Documentation/DocSets/com.apple.adc.documentation.AppleiOS5_0.iOSLibrary.docset/Contents/Resources/Documents/documentation/../documentation/Cocoa/Reference/Foundation/Classes/NSBundle_Class/Reference/Reference.html</DocumentationFilePath>
    <Language>obj-c</Language>
  </SampleDesc>
  <SampleDesc>
    <ID>D233E34EF4FF12BD40D5076A1D065664</ID>
    <FullTypeName>MonoTouch.Foundation.NSBundle</FullTypeName>
    <DocumentationFilePath>/Library/Developer/Shared/Documentation/DocSets/com.apple.adc.documentation.AppleiOS5_0.iOSLibrary.docset/Contents/Resources/Documents/documentation/../documentation/Cocoa/Reference/Foundation/Classes/NSBundle_Class/Reference/Reference.html</DocumentationFilePath>
    <Language>C#</Language>
  </SampleDesc>
  <SampleDesc>
    <ID>9738FB76E078FC999307BD6FA02707CC</ID>
    <FullTypeName>MonoTouch.Foundation.NSDate</FullTypeName>
    <DocumentationFilePath>/Library/Developer/Shared/Documentation/DocSets/com.apple.adc.documentation.AppleiOS5_0.iOSLibrary.docset/Contents/Resources/Documents/documentation/../documentation/Cocoa/Reference/Foundation/Classes/NSDate_Class/Reference/Reference.html</DocumentationFilePath>
    <Language>obj-c</Language>
  </SampleDesc>
  <SampleDesc>
    <ID>3618100A13BC636A79C4F1C690B64ED6</ID>
    <FullTypeName>MonoTouch.Foundation.NSDate</FullTypeName>
    <DocumentationFilePath>/Library/Developer/Shared/Documentation/DocSets/com.apple.adc.documentation.AppleiOS5_0.iOSLibrary.docset/Contents/Resources/Documents/documentation/../documentation/Cocoa/Reference/Foundation/Classes/NSDate_Class/Reference/Reference.html</DocumentationFilePath>
    <Language>obj-c</Language>
  </SampleDesc>
  <SampleDesc>
    <ID>C219A92966A43A2E3B3C0A9FD3E9BC70</ID>
    <FullTypeName>MonoTouch.Foundation.NSDictionary</FullTypeName>
    <DocumentationFilePath>/Library/Developer/Shared/Documentation/DocSets/com.apple.adc.documentation.AppleiOS5_0.iOSLibrary.docset/Contents/Resources/Documents/documentation/../documentation/Cocoa/Reference/Foundation/Classes/NSDictionary_Class/Reference/Reference.html</DocumentationFilePath>
    <Language>C#</Language>
  </SampleDesc>
  <SampleDesc>
    <ID>7E956E181E3D83D9D29121EE2499A8BB</ID>
    <FullTypeName>MonoTouch.Foundation.NSNotificationCenter</FullTypeName>
    <DocumentationFilePath>/Library/Developer/Shared/Documentation/DocSets/com.apple.adc.documentation.AppleiOS5_0.iOSLibrary.docset/Contents/Resources/Documents/documentation/../documentation/Cocoa/Reference/Foundation/Classes/NSNotificationCenter_Class/Reference/Reference.html</DocumentationFilePath>
    <Language>C#</Language>
  </SampleDesc>
  <SampleDesc>
    <ID>2C7CED7099FEE9D78D7441ABFF245723</ID>
    <FullTypeName>MonoTouch.Foundation.NSRunLoop</FullTypeName>
    <DocumentationFilePath>/Library/Developer/Shared/Documentation/DocSets/com.apple.adc.documentation.AppleiOS5_0.iOSLibrary.docset/Contents/Resources/Documents/documentation/../documentation/Cocoa/Reference/Foundation/Classes/NSRunLoop_Class/Reference/Reference.html</DocumentationFilePath>
    <Language>C#</Language>
  </SampleDesc>
  <SampleDesc>
    <ID>523ACC09AAAE2C98B06DB8320390EEF2</ID>
    <FullTypeName>MonoTouch.Foundation.NSTimer</FullTypeName>
    <DocumentationFilePath>/Library/Developer/Shared/Documentation/DocSets/com.apple.adc.documentation.AppleiOS5_0.iOSLibrary.docset/Contents/Resources/Documents/documentation/../documentation/Cocoa/Reference/Foundation/Classes/NSTimer_Class/Reference/NSTimer.html</DocumentationFilePath>
    <Language>C#</Language>
  </SampleDesc>
  <SampleDesc>
    <ID>0720DFC8E40BE9A5DC35E224066F3C27</ID>
    <FullTypeName>MonoTouch.Foundation.NSAutoreleasePool</FullTypeName>
    <DocumentationFilePath>/Library/Developer/Shared/Documentation/DocSets/com.apple.adc.documentation.AppleiOS5_0.iOSLibrary.docset/Contents/Resources/Documents/documentation/../documentation/Cocoa/Reference/Foundation/Classes/NSAutoreleasePool_Class/Reference/Reference.html</DocumentationFilePath>
    <Language>obj-c</Language>
  </SampleDesc>
  <SampleDesc>
    <ID>570C90C8AC84D35305B9E727DDA7DA49</ID>
    <FullTypeName>MonoTouch.Foundation.NSAutoreleasePool</FullTypeName>
    <DocumentationFilePath>/Library/Developer/Shared/Documentation/DocSets/com.apple.adc.documentation.AppleiOS5_0.iOSLibrary.docset/Contents/Resources/Documents/documentation/../documentation/Cocoa/Reference/Foundation/Classes/NSAutoreleasePool_Class/Reference/Reference.html</DocumentationFilePath>
    <Language>obj-c</Language>
  </SampleDesc>
  <SampleDesc>
    <ID>99D0A05037F6B41BB5D502DD62FB5F2A</ID>
    <FullTypeName>MonoTouch.Foundation.NSValue</FullTypeName>
    <DocumentationFilePath>/Library/Developer/Shared/Documentation/DocSets/com.apple.adc.documentation.AppleiOS5_0.iOSLibrary.docset/Contents/Resources/Documents/documentation/../documentation/Cocoa/Reference/Foundation/Classes/NSValue_Class/Reference/Reference.html</DocumentationFilePath>
    <Language>obj-c</Language>
  </SampleDesc>
  <SampleDesc>
    <ID>9467ADFE39446E7BDBAF377129BCE053</ID>
    <FullTypeName>MonoTouch.Foundation.NSValue</FullTypeName>
    <DocumentationFilePath>/Library/Developer/Shared/Documentation/DocSets/com.apple.adc.documentation.AppleiOS5_0.iOSLibrary.docset/Contents/Resources/Documents/documentation/../documentation/Cocoa/Reference/Foundation/Classes/NSValue_Class/Reference/Reference.html</DocumentationFilePath>
    <Language>obj-c</Language>
  </SampleDesc>
  <SampleDesc>
    <ID>4B47A09A5914C5718CFA28F461DB0926</ID>
    <FullTypeName>MonoTouch.GLKit.GLKBaseEffect</FullTypeName>
    <DocumentationFilePath>/Library/Developer/Shared/Documentation/DocSets/com.apple.adc.documentation.AppleiOS5_0.iOSLibrary.docset/Contents/Resources/Documents/documentation/../documentation/GLkit/Reference/GLKBaseEffect_ClassRef/Reference/Reference.html</DocumentationFilePath>
    <Language>obj-c</Language>
  </SampleDesc>
  <SampleDesc>
    <ID>BFC259DB5848BF6176AFC5C45A0E3C2A</ID>
    <FullTypeName>MonoTouch.GLKit.GLKReflectionMapEffect</FullTypeName>
    <DocumentationFilePath>/Library/Developer/Shared/Documentation/DocSets/com.apple.adc.documentation.AppleiOS5_0.iOSLibrary.docset/Contents/Resources/Documents/documentation/../documentation/GLkit/Reference/GLKReflectionEffect_ClassRef/Reference/Reference.html</DocumentationFilePath>
    <Language>obj-c</Language>
  </SampleDesc>
  <SampleDesc>
    <ID>3647E51671BEF56B0C99DA4D097701E2</ID>
    <FullTypeName>MonoTouch.GLKit.GLKSkyboxEffect</FullTypeName>
    <DocumentationFilePath>/Library/Developer/Shared/Documentation/DocSets/com.apple.adc.documentation.AppleiOS5_0.iOSLibrary.docset/Contents/Resources/Documents/documentation/../documentation/GLkit/Reference/GLKSkyboxEffect_ClassRef/Reference/Reference.html</DocumentationFilePath>
    <Language>obj-c</Language>
  </SampleDesc>
  <SampleDesc>
    <ID>91137B4FDBC240865FEDBA9121531C3E</ID>
    <FullTypeName>MonoTouch.GLKit.GLKViewController</FullTypeName>
    <DocumentationFilePath>/Library/Developer/Shared/Documentation/DocSets/com.apple.adc.documentation.AppleiOS5_0.iOSLibrary.docset/Contents/Resources/Documents/documentation/../documentation/GLkit/Reference/GLKViewController_ClassRef/Reference/Reference.html</DocumentationFilePath>
    <Language>obj-c</Language>
  </SampleDesc>
  <SampleDesc>
    <ID>02EBEE3CFB443B0E7660F7FC0FCF899F</ID>
    <FullTypeName>MonoTouch.StoreKit.SKPayment</FullTypeName>
    <DocumentationFilePath>/Library/Developer/Shared/Documentation/DocSets/com.apple.adc.documentation.AppleiOS5_0.iOSLibrary.docset/Contents/Resources/Documents/documentation/../documentation/StoreKit/Reference/SKPaymentRequest_Class/Reference/Reference.html</DocumentationFilePath>
    <Language>obj-c</Language>
  </SampleDesc>
  <SampleDesc>
    <ID>C23E0F5E352A78205F67F7845AE24EA3</ID>
    <FullTypeName>MonoTouch.StoreKit.SKProduct</FullTypeName>
    <DocumentationFilePath>/Library/Developer/Shared/Documentation/DocSets/com.apple.adc.documentation.AppleiOS5_0.iOSLibrary.docset/Contents/Resources/Documents/documentation/../documentation/StoreKit/Reference/SKProduct_Reference/Reference/Reference.html</DocumentationFilePath>
    <Language>C#</Language>
  </SampleDesc>
  <SampleDesc>
    <ID>97837F2604249C1AB8992B5E9520D6AA</ID>
    <FullTypeName>MonoTouch.MediaPlayer.MPMediaQuery</FullTypeName>
    <DocumentationFilePath>/Library/Developer/Shared/Documentation/DocSets/com.apple.adc.documentation.AppleiOS5_0.iOSLibrary.docset/Contents/Resources/Documents/documentation/../documentation/MediaPlayer/Reference/MPMediaQuery_ClassReference/Reference/Reference.html</DocumentationFilePath>
    <Language>C#</Language>
  </SampleDesc>
  <SampleDesc>
    <ID>DE17AB607F996352C6A93C2F030B9450</ID>
    <FullTypeName>MonoTouch.MediaPlayer.MPMoviePlayerController</FullTypeName>
    <DocumentationFilePath>/Library/Developer/Shared/Documentation/DocSets/com.apple.adc.documentation.AppleiOS5_0.iOSLibrary.docset/Contents/Resources/Documents/documentation/../documentation/MediaPlayer/Reference/MPMoviePlayerController_Class/Reference/Reference.html</DocumentationFilePath>
    <Language>C#</Language>
  </SampleDesc>
  <SampleDesc>
    <ID>471EF301843001B6B9044BC98F90B490</ID>
    <FullTypeName>MonoTouch.MediaPlayer.MPMoviePlayerController</FullTypeName>
    <DocumentationFilePath>/Library/Developer/Shared/Documentation/DocSets/com.apple.adc.documentation.AppleiOS5_0.iOSLibrary.docset/Contents/Resources/Documents/documentation/../documentation/MediaPlayer/Reference/MPMoviePlayerController_Class/Reference/Reference.html</DocumentationFilePath>
    <Language>C#</Language>
  </SampleDesc>
  <SampleDesc>
    <ID>7E6FEEF64E194BF2BC9218A28F906397</ID>
    <FullTypeName>MonoTouch.MediaPlayer.MPMoviePlayerController</FullTypeName>
    <DocumentationFilePath>/Library/Developer/Shared/Documentation/DocSets/com.apple.adc.documentation.AppleiOS5_0.iOSLibrary.docset/Contents/Resources/Documents/documentation/../documentation/MediaPlayer/Reference/MPMoviePlayerController_Class/Reference/Reference.html</DocumentationFilePath>
    <Language>C#</Language>
  </SampleDesc>
  <SampleDesc>
    <ID>A2FB789A0576F1CFEE5EA86CCF4E5CDF</ID>
    <FullTypeName>MonoTouch.MediaPlayer.MPMoviePlayerController</FullTypeName>
    <DocumentationFilePath>/Library/Developer/Shared/Documentation/DocSets/com.apple.adc.documentation.AppleiOS5_0.iOSLibrary.docset/Contents/Resources/Documents/documentation/../documentation/MediaPlayer/Reference/MPMoviePlayerController_Class/Reference/Reference.html</DocumentationFilePath>
    <Language>C#</Language>
  </SampleDesc>
  <SampleDesc>
    <ID>4975B002F0B901160281D5FD0BC84300</ID>
    <FullTypeName>MonoTouch.MediaPlayer.MPVolumeView</FullTypeName>
    <DocumentationFilePath>/Library/Developer/Shared/Documentation/DocSets/com.apple.adc.documentation.AppleiOS5_0.iOSLibrary.docset/Contents/Resources/Documents/documentation/../documentation/MediaPlayer/Reference/MPVolumeView_Class/Reference/Reference.html</DocumentationFilePath>
    <Language>C#</Language>
  </SampleDesc>
  <SampleDesc>
    <ID>FD04D6F2FD69F5B9DF980C47EEEBA592</ID>
    <FullTypeName>MonoTouch.GameKit.GKPeerPickerControllerDelegate</FullTypeName>
    <DocumentationFilePath>/Library/Developer/Shared/Documentation/DocSets/com.apple.adc.documentation.AppleiOS5_0.iOSLibrary.docset/Contents/Resources/Documents/documentation/../documentation/GameKit/Reference/GKPeerPickerControllerDelegate_Protocol/Reference/Reference.html</DocumentationFilePath>
    <Language>obj-c</Language>
  </SampleDesc>
  <SampleDesc>
    <ID>1539116F8614EDEF1640C456F40C7247</ID>
    <FullTypeName>MonoTouch.UIKit.UIAcceleration</FullTypeName>
    <DocumentationFilePath>/Library/Developer/Shared/Documentation/DocSets/com.apple.adc.documentation.AppleiOS5_0.iOSLibrary.docset/Contents/Resources/Documents/documentation/../documentation/UIKit/Reference/UIAcceleration_Class/Reference/UIAcceleration.html</DocumentationFilePath>
    <Language>obj-c</Language>
  </SampleDesc>
  <SampleDesc>
    <ID>9215C0D730EE7F28B9E76B6149CB6CF0</ID>
    <FullTypeName>MonoTouch.UIKit.UITapGestureRecognizer</FullTypeName>
    <DocumentationFilePath>/Library/Developer/Shared/Documentation/DocSets/com.apple.adc.documentation.AppleiOS5_0.iOSLibrary.docset/Contents/Resources/Documents/documentation/../documentation/UIKit/Reference/UITapGestureRecognizer_Class/Reference/Reference.html</DocumentationFilePath>
    <Language>C#</Language>
  </SampleDesc>
  <SampleDesc>
    <ID>29F362A23705340379BC84393AF1D1AA</ID>
    <FullTypeName>MonoTouch.UIKit.UIButton</FullTypeName>
    <DocumentationFilePath>/Library/Developer/Shared/Documentation/DocSets/com.apple.adc.documentation.AppleiOS5_0.iOSLibrary.docset/Contents/Resources/Documents/documentation/../documentation/UIKit/Reference/UIButton_Class/UIButton/UIButton.html</DocumentationFilePath>
    <Language>C#</Language>
  </SampleDesc>
  <SampleDesc>
    <ID>5A43D65733AA18BE9A048995D7A6C617</ID>
    <FullTypeName>MonoTouch.UIKit.UIButton</FullTypeName>
    <DocumentationFilePath>/Library/Developer/Shared/Documentation/DocSets/com.apple.adc.documentation.AppleiOS5_0.iOSLibrary.docset/Contents/Resources/Documents/documentation/../documentation/UIKit/Reference/UIButton_Class/UIButton/UIButton.html</DocumentationFilePath>
    <Language>C#</Language>
  </SampleDesc>
  <SampleDesc>
    <ID>5A6CB4D1284856D0AF0DD658BE2B45D3</ID>
    <FullTypeName>MonoTouch.UIKit.UIDocumentInteractionController</FullTypeName>
    <DocumentationFilePath>/Library/Developer/Shared/Documentation/DocSets/com.apple.adc.documentation.AppleiOS5_0.iOSLibrary.docset/Contents/Resources/Documents/documentation/../documentation/UIKit/Reference/UIDocumentInteractionController_class/Reference/Reference.html</DocumentationFilePath>
    <Language>C#</Language>
  </SampleDesc>
  <SampleDesc>
    <ID>1E558EA141D6B0AFC4F9AADA0CA694C9</ID>
    <FullTypeName>MonoTouch.UIKit.UIDocumentInteractionControllerDelegate</FullTypeName>
    <DocumentationFilePath>/Library/Developer/Shared/Documentation/DocSets/com.apple.adc.documentation.AppleiOS5_0.iOSLibrary.docset/Contents/Resources/Documents/documentation/../documentation/UIKit/Reference/UIDocumentInteractionControllerDelegate_protocol/Reference/Reference.html</DocumentationFilePath>
    <Language>C#</Language>
  </SampleDesc>
  <SampleDesc>
    <ID>BC0D1410A69202688185A7CB4BC9CB9C</ID>
    <FullTypeName>MonoTouch.UIKit.UIManagedDocument</FullTypeName>
    <DocumentationFilePath>/Library/Developer/Shared/Documentation/DocSets/com.apple.adc.documentation.AppleiOS5_0.iOSLibrary.docset/Contents/Resources/Documents/documentation/../documentation/UIKit/Reference/UIManagedDocument_Class/Reference/Reference.html</DocumentationFilePath>
    <Language>C#</Language>
  </SampleDesc>
  <SampleDesc>
    <ID>962EEADAE1B92062AFAB40740C13B026</ID>
    <FullTypeName>MonoTouch.UIKit.UIManagedDocument</FullTypeName>
    <DocumentationFilePath>/Library/Developer/Shared/Documentation/DocSets/com.apple.adc.documentation.AppleiOS5_0.iOSLibrary.docset/Contents/Resources/Documents/documentation/../documentation/UIKit/Reference/UIManagedDocument_Class/Reference/Reference.html</DocumentationFilePath>
    <Language>C#</Language>
  </SampleDesc>
  <SampleDesc>
    <ID>F61AFC4F3944E7792D84C21C1FBE2B7D</ID>
    <FullTypeName>MonoTouch.UIKit.UIManagedDocument</FullTypeName>
    <DocumentationFilePath>/Library/Developer/Shared/Documentation/DocSets/com.apple.adc.documentation.AppleiOS5_0.iOSLibrary.docset/Contents/Resources/Documents/documentation/../documentation/UIKit/Reference/UIManagedDocument_Class/Reference/Reference.html</DocumentationFilePath>
    <Language>C#</Language>
  </SampleDesc>
  <SampleDesc>
    <ID>DC750562C2332937EEA7ED506B963D48</ID>
    <FullTypeName>MonoTouch.UIKit.UIPasteboard</FullTypeName>
    <DocumentationFilePath>/Library/Developer/Shared/Documentation/DocSets/com.apple.adc.documentation.AppleiOS5_0.iOSLibrary.docset/Contents/Resources/Documents/documentation/../documentation/UIKit/Reference/UIPasteboard_Class/Reference.html</DocumentationFilePath>
    <Language>C#</Language>
  </SampleDesc>
  <SampleDesc>
    <ID>241D161000865BC775E3946398951925</ID>
    <FullTypeName>MonoTouch.CoreMotion.CMMotionManager</FullTypeName>
    <DocumentationFilePath>/Library/Developer/Shared/Documentation/DocSets/com.apple.adc.documentation.AppleiOS5_0.iOSLibrary.docset/Contents/Resources/Documents/documentation/../documentation/CoreMotion/Reference/CMMotionManager_Class/Reference/Reference.html</DocumentationFilePath>
    <Language>obj-c</Language>
  </SampleDesc>
  <SampleDesc>
    <ID>6A9CA1CB50F8B8E355EAF1CC35E4C0D7</ID>
    <FullTypeName>MonoTouch.AVFoundation.AVAssetWriterInput</FullTypeName>
    <DocumentationFilePath>/Library/Developer/Shared/Documentation/DocSets/com.apple.adc.documentation.AppleiOS5_0.iOSLibrary.docset/Contents/Resources/Documents/documentation/../documentation/AVFoundation/Reference/AVAssetWriterInput_Class/Reference/Reference.html</DocumentationFilePath>
    <Language>obj-c</Language>
  </SampleDesc>
  <SampleDesc>
    <ID>A77142AD8E83AA95814CBAFC284F0CA3</ID>
    <FullTypeName>MonoTouch.AVFoundation.AVMediaSelectionOption</FullTypeName>
    <DocumentationFilePath>/Library/Developer/Shared/Documentation/DocSets/com.apple.adc.documentation.AppleiOS5_0.iOSLibrary.docset/Contents/Resources/Documents/documentation/../documentation/AVFoundation/Reference/AVMediaSelectionOption_Class/Reference/Reference.html</DocumentationFilePath>
    <Language>obj-c</Language>
  </SampleDesc>
  <SampleDesc>
    <ID>304B1249371F386BF0F8E80F8CDEF849</ID>
    <FullTypeName>MonoTouch.AVFoundation.AVMutableComposition</FullTypeName>
    <DocumentationFilePath>/Library/Developer/Shared/Documentation/DocSets/com.apple.adc.documentation.AppleiOS5_0.iOSLibrary.docset/Contents/Resources/Documents/documentation/../documentation/AVFoundation/Reference/AVMutableComposition_Class/Reference/Reference.html</DocumentationFilePath>
    <Language>obj-c</Language>
  </SampleDesc>
  <SampleDesc>
    <ID>95F1509F2DBB32A39BA58BE79F548396</ID>
    <FullTypeName>MonoTouch.AVFoundation.AVCaptureSession</FullTypeName>
    <DocumentationFilePath>/Library/Developer/Shared/Documentation/DocSets/com.apple.adc.documentation.AppleiOS5_0.iOSLibrary.docset/Contents/Resources/Documents/documentation/../documentation/AVFoundation/Reference/AVCaptureSession_Class/Reference/Reference.html</DocumentationFilePath>
    <Language>obj-c</Language>
  </SampleDesc>
  <SampleDesc>
    <ID>19F0FFF444DD857FEEB42C0BBD664FB5</ID>
    <FullTypeName>MonoTouch.AVFoundation.AVCaptureVideoPreviewLayer</FullTypeName>
    <DocumentationFilePath>/Library/Developer/Shared/Documentation/DocSets/com.apple.adc.documentation.AppleiOS5_0.iOSLibrary.docset/Contents/Resources/Documents/documentation/../documentation/AVFoundation/Reference/AVCaptureVideoPreviewLayer_Class/Reference/Reference.html</DocumentationFilePath>
    <Language>obj-c</Language>
  </SampleDesc>
  <SampleDesc>
    <ID>61135B7DC78F58A7313DF5A4E4909CAE</ID>
    <FullTypeName>MonoTouch.AVFoundation.AVPlayerItemAccessLog</FullTypeName>
    <DocumentationFilePath>/Library/Developer/Shared/Documentation/DocSets/com.apple.adc.documentation.AppleiOS5_0.iOSLibrary.docset/Contents/Resources/Documents/documentation/../documentation/AVFoundation/Reference/AVPlayerItemAccessLog_Class/Reference/Reference.html</DocumentationFilePath>
    <Language>obj-c</Language>
  </SampleDesc>
  <SampleDesc>
    <ID>F2125ECE74D395E9690DF609712DF33B</ID>
    <FullTypeName>MonoTouch.AVFoundation.AVPlayerLayer</FullTypeName>
    <DocumentationFilePath>/Library/Developer/Shared/Documentation/DocSets/com.apple.adc.documentation.AppleiOS5_0.iOSLibrary.docset/Contents/Resources/Documents/documentation/../documentation/AVFoundation/Reference/AVPlayerLayer_Class/Reference/Reference.html</DocumentationFilePath>
    <Language>obj-c</Language>
  </SampleDesc>
  <SampleDesc>
    <ID>087A9B60F84114FFC05BC30ECE4BA8B8</ID>
    <FullTypeName>MonoTouch.Foundation.NSCharacterSet</FullTypeName>
    <DocumentationFilePath>/Library/Developer/Shared/Documentation/DocSets/com.apple.adc.documentation.AppleiOS5_0.iOSLibrary.docset/Contents/Resources/Documents/documentation/../documentation/Cocoa/Reference/Foundation/Classes/NSCharacterSet_Class/Reference/Reference.html</DocumentationFilePath>
    <Language>obj-c</Language>
  </SampleDesc>
  <SampleDesc>
    <ID>862EDE2104578C0523C37950FBE4AC01</ID>
    <FullTypeName>MonoTouch.Foundation.NSCharacterSet</FullTypeName>
    <DocumentationFilePath>/Library/Developer/Shared/Documentation/DocSets/com.apple.adc.documentation.AppleiOS5_0.iOSLibrary.docset/Contents/Resources/Documents/documentation/../documentation/Cocoa/Reference/Foundation/Classes/NSCharacterSet_Class/Reference/Reference.html</DocumentationFilePath>
    <Language>obj-c</Language>
  </SampleDesc>
  <SampleDesc>
    <ID>915549A362FF520E8088E7A87853FA6F</ID>
    <FullTypeName>MonoTouch.Foundation.NSCharacterSet</FullTypeName>
    <DocumentationFilePath>/Library/Developer/Shared/Documentation/DocSets/com.apple.adc.documentation.AppleiOS5_0.iOSLibrary.docset/Contents/Resources/Documents/documentation/../documentation/Cocoa/Reference/Foundation/Classes/NSCharacterSet_Class/Reference/Reference.html</DocumentationFilePath>
    <Language>obj-c</Language>
  </SampleDesc>
  <SampleDesc>
    <ID>EEE49BACBD933F23C6D9134E63714C50</ID>
    <FullTypeName>MonoTouch.Foundation.NSCharacterSet</FullTypeName>
    <DocumentationFilePath>/Library/Developer/Shared/Documentation/DocSets/com.apple.adc.documentation.AppleiOS5_0.iOSLibrary.docset/Contents/Resources/Documents/documentation/../documentation/Cocoa/Reference/Foundation/Classes/NSCharacterSet_Class/Reference/Reference.html</DocumentationFilePath>
    <Language>obj-c</Language>
  </SampleDesc>
  <SampleDesc>
    <ID>9A25D2284560FB84AF8E391D3FFCC5B3</ID>
    <FullTypeName>MonoTouch.Foundation.NSDateComponents</FullTypeName>
    <DocumentationFilePath>/Library/Developer/Shared/Documentation/DocSets/com.apple.adc.documentation.AppleiOS5_0.iOSLibrary.docset/Contents/Resources/Documents/documentation/../documentation/Cocoa/Reference/Foundation/Classes/NSDateComponents_Class/Reference/Reference.html</DocumentationFilePath>
    <Language>obj-c</Language>
  </SampleDesc>
  <SampleDesc>
    <ID>D452BC0C601675809CDE94ED2287ADC9</ID>
    <FullTypeName>MonoTouch.Foundation.NSDateFormatter</FullTypeName>
    <DocumentationFilePath>/Library/Developer/Shared/Documentation/DocSets/com.apple.adc.documentation.AppleiOS5_0.iOSLibrary.docset/Contents/Resources/Documents/documentation/../documentation/Cocoa/Reference/Foundation/Classes/NSDateFormatter_Class/Reference/Reference.html</DocumentationFilePath>
    <Language>obj-c</Language>
  </SampleDesc>
  <SampleDesc>
    <ID>FBC10CC17609E86D22EF40954A6EAB23</ID>
    <FullTypeName>MonoTouch.Foundation.NSFormatter</FullTypeName>
    <DocumentationFilePath>/Library/Developer/Shared/Documentation/DocSets/com.apple.adc.documentation.AppleiOS5_0.iOSLibrary.docset/Contents/Resources/Documents/documentation/../documentation/Cocoa/Reference/Foundation/Classes/NSFormatter_Class/Reference/Reference.html</DocumentationFilePath>
    <Language>C#</Language>
  </SampleDesc>
  <SampleDesc>
    <ID>ED98ADDACC04C0BD65F5A886544E5D6B</ID>
    <FullTypeName>MonoTouch.Foundation.NSMutableArray</FullTypeName>
    <DocumentationFilePath>/Library/Developer/Shared/Documentation/DocSets/com.apple.adc.documentation.AppleiOS5_0.iOSLibrary.docset/Contents/Resources/Documents/documentation/../documentation/Cocoa/Reference/Foundation/Classes/NSMutableArray_Class/Reference/Reference.html</DocumentationFilePath>
    <Language>obj-c</Language>
  </SampleDesc>
  <SampleDesc>
    <ID>ADE228BA581CDC19D7B55BB79DFCCCCB</ID>
    <FullTypeName>MonoTouch.Foundation.NSEnumerator</FullTypeName>
    <DocumentationFilePath>/Library/Developer/Shared/Documentation/DocSets/com.apple.adc.documentation.AppleiOS5_0.iOSLibrary.docset/Contents/Resources/Documents/documentation/../documentation/Cocoa/Reference/Foundation/Classes/NSEnumerator_Class/Reference/Reference.html</DocumentationFilePath>
    <Language>obj-c</Language>
  </SampleDesc>
  <SampleDesc>
    <ID>FBAA344175C5763066A47F5EC3139C46</ID>
    <FullTypeName>MonoTouch.Foundation.NSExpression</FullTypeName>
    <DocumentationFilePath>/Library/Developer/Shared/Documentation/DocSets/com.apple.adc.documentation.AppleiOS5_0.iOSLibrary.docset/Contents/Resources/Documents/documentation/../documentation/Cocoa/Reference/Foundation/Classes/NSExpression_Class/Reference/NSExpression.html</DocumentationFilePath>
    <Language>obj-c</Language>
  </SampleDesc>
  <SampleDesc>
    <ID>38E94158568BFFED01A36FBD8A620726</ID>
    <FullTypeName>MonoTouch.Foundation.NSExpression</FullTypeName>
    <DocumentationFilePath>/Library/Developer/Shared/Documentation/DocSets/com.apple.adc.documentation.AppleiOS5_0.iOSLibrary.docset/Contents/Resources/Documents/documentation/../documentation/Cocoa/Reference/Foundation/Classes/NSExpression_Class/Reference/NSExpression.html</DocumentationFilePath>
    <Language>obj-c</Language>
  </SampleDesc>
  <SampleDesc>
    <ID>2FAD240AA2DDB279FE808A96DD0E5F30</ID>
    <FullTypeName>MonoTouch.Foundation.NSExpression</FullTypeName>
    <DocumentationFilePath>/Library/Developer/Shared/Documentation/DocSets/com.apple.adc.documentation.AppleiOS5_0.iOSLibrary.docset/Contents/Resources/Documents/documentation/../documentation/Cocoa/Reference/Foundation/Classes/NSExpression_Class/Reference/NSExpression.html</DocumentationFilePath>
    <Language>obj-c</Language>
  </SampleDesc>
  <SampleDesc>
    <ID>7AC3C076170FDF5865C8D66AB6A9D86D</ID>
    <FullTypeName>MonoTouch.Foundation.NSExpression</FullTypeName>
    <DocumentationFilePath>/Library/Developer/Shared/Documentation/DocSets/com.apple.adc.documentation.AppleiOS5_0.iOSLibrary.docset/Contents/Resources/Documents/documentation/../documentation/Cocoa/Reference/Foundation/Classes/NSExpression_Class/Reference/NSExpression.html</DocumentationFilePath>
    <Language>obj-c</Language>
  </SampleDesc>
  <SampleDesc>
    <ID>9B661E1DF2FA5235D6C422D045E1BE24</ID>
    <FullTypeName>MonoTouch.Foundation.NSExpression</FullTypeName>
    <DocumentationFilePath>/Library/Developer/Shared/Documentation/DocSets/com.apple.adc.documentation.AppleiOS5_0.iOSLibrary.docset/Contents/Resources/Documents/documentation/../documentation/Cocoa/Reference/Foundation/Classes/NSExpression_Class/Reference/NSExpression.html</DocumentationFilePath>
    <Language>obj-c</Language>
  </SampleDesc>
  <SampleDesc>
    <ID>D6F16FE95E33426553B96D5902530CE3</ID>
    <FullTypeName>MonoTouch.Foundation.NSExpression</FullTypeName>
    <DocumentationFilePath>/Library/Developer/Shared/Documentation/DocSets/com.apple.adc.documentation.AppleiOS5_0.iOSLibrary.docset/Contents/Resources/Documents/documentation/../documentation/Cocoa/Reference/Foundation/Classes/NSExpression_Class/Reference/NSExpression.html</DocumentationFilePath>
    <Language>obj-c</Language>
  </SampleDesc>
  <SampleDesc>
    <ID>EC505F979A70CE06D23FF54ECE50855D</ID>
    <FullTypeName>MonoTouch.Foundation.NSExpression</FullTypeName>
    <DocumentationFilePath>/Library/Developer/Shared/Documentation/DocSets/com.apple.adc.documentation.AppleiOS5_0.iOSLibrary.docset/Contents/Resources/Documents/documentation/../documentation/Cocoa/Reference/Foundation/Classes/NSExpression_Class/Reference/NSExpression.html</DocumentationFilePath>
    <Language>obj-c</Language>
  </SampleDesc>
  <SampleDesc>
    <ID>9B4E94175D4727931C74E5B1C4B46F35</ID>
    <FullTypeName>MonoTouch.Foundation.NSExpression</FullTypeName>
    <DocumentationFilePath>/Library/Developer/Shared/Documentation/DocSets/com.apple.adc.documentation.AppleiOS5_0.iOSLibrary.docset/Contents/Resources/Documents/documentation/../documentation/Cocoa/Reference/Foundation/Classes/NSExpression_Class/Reference/NSExpression.html</DocumentationFilePath>
    <Language>obj-c</Language>
  </SampleDesc>
  <SampleDesc>
    <ID>D7F929DB440D5D51C8EFDAD3DEF3D1C2</ID>
    <FullTypeName>MonoTouch.Foundation.NSExpression</FullTypeName>
    <DocumentationFilePath>/Library/Developer/Shared/Documentation/DocSets/com.apple.adc.documentation.AppleiOS5_0.iOSLibrary.docset/Contents/Resources/Documents/documentation/../documentation/Cocoa/Reference/Foundation/Classes/NSExpression_Class/Reference/NSExpression.html</DocumentationFilePath>
    <Language>obj-c</Language>
  </SampleDesc>
  <SampleDesc>
    <ID>E4476E5C3B30BB7892364D6DBB43ECD3</ID>
    <FullTypeName>MonoTouch.Foundation.NSSortDescriptor</FullTypeName>
    <DocumentationFilePath>/Library/Developer/Shared/Documentation/DocSets/com.apple.adc.documentation.AppleiOS5_0.iOSLibrary.docset/Contents/Resources/Documents/documentation/../documentation/Cocoa/Reference/Foundation/Classes/NSSortDescriptor_Class/Reference/Reference.html</DocumentationFilePath>
    <Language>C#</Language>
  </SampleDesc>
  <SampleDesc>
    <ID>67410AD808686B2D63726CD6B2CED030</ID>
    <FullTypeName>MonoTouch.Foundation.NSNotification</FullTypeName>
    <DocumentationFilePath>/Library/Developer/Shared/Documentation/DocSets/com.apple.adc.documentation.AppleiOS5_0.iOSLibrary.docset/Contents/Resources/Documents/documentation/../documentation/Cocoa/Reference/Foundation/Classes/NSNotification_Class/Reference/Reference.html</DocumentationFilePath>
    <Language>C#</Language>
  </SampleDesc>
  <SampleDesc>
    <ID>CF73EE99DE9CD3658033DDB28693246A</ID>
    <FullTypeName>MonoTouch.Foundation.NSNotification</FullTypeName>
    <DocumentationFilePath>/Library/Developer/Shared/Documentation/DocSets/com.apple.adc.documentation.AppleiOS5_0.iOSLibrary.docset/Contents/Resources/Documents/documentation/../documentation/Cocoa/Reference/Foundation/Classes/NSNotification_Class/Reference/Reference.html</DocumentationFilePath>
    <Language>C#</Language>
  </SampleDesc>
  <SampleDesc>
    <ID>6EDC00247EF046F61F03114DC34694DE</ID>
    <FullTypeName>MonoTouch.Foundation.NSNumberFormatter</FullTypeName>
    <DocumentationFilePath>/Library/Developer/Shared/Documentation/DocSets/com.apple.adc.documentation.AppleiOS5_0.iOSLibrary.docset/Contents/Resources/Documents/documentation/../documentation/Cocoa/Reference/Foundation/Classes/NSNumberFormatter_Class/Reference/Reference.html</DocumentationFilePath>
    <Language>obj-c</Language>
  </SampleDesc>
  <SampleDesc>
    <ID>32F12D8F6F0FC8604C457789B36DA078</ID>
    <FullTypeName>MonoTouch.Foundation.NSNumberFormatter</FullTypeName>
    <DocumentationFilePath>/Library/Developer/Shared/Documentation/DocSets/com.apple.adc.documentation.AppleiOS5_0.iOSLibrary.docset/Contents/Resources/Documents/documentation/../documentation/Cocoa/Reference/Foundation/Classes/NSNumberFormatter_Class/Reference/Reference.html</DocumentationFilePath>
    <Language>obj-c</Language>
  </SampleDesc>
  <SampleDesc>
    <ID>CBB6DD45813CB9F85FD19C9BC596CD97</ID>
    <FullTypeName>MonoTouch.Foundation.NSProcessInfo</FullTypeName>
    <DocumentationFilePath>/Library/Developer/Shared/Documentation/DocSets/com.apple.adc.documentation.AppleiOS5_0.iOSLibrary.docset/Contents/Resources/Documents/documentation/../documentation/Cocoa/Reference/Foundation/Classes/NSProcessInfo_Class/Reference/Reference.html</DocumentationFilePath>
    <Language>obj-c</Language>
  </SampleDesc>
  <SampleDesc>
    <ID>03EB1A37F11E87D67DC6B7003161383B</ID>
    <FullTypeName>MonoTouch.Foundation.NSProcessInfo</FullTypeName>
    <DocumentationFilePath>/Library/Developer/Shared/Documentation/DocSets/com.apple.adc.documentation.AppleiOS5_0.iOSLibrary.docset/Contents/Resources/Documents/documentation/../documentation/Cocoa/Reference/Foundation/Classes/NSProcessInfo_Class/Reference/Reference.html</DocumentationFilePath>
    <Language>obj-c</Language>
  </SampleDesc>
  <SampleDesc>
    <ID>3BEF5042637B0ACF293A84C2704C3765</ID>
    <FullTypeName>MonoTouch.CoreData.NSEntityDescription</FullTypeName>
    <DocumentationFilePath>/Library/Developer/Shared/Documentation/DocSets/com.apple.adc.documentation.AppleiOS5_0.iOSLibrary.docset/Contents/Resources/Documents/documentation/../documentation/Cocoa/Reference/CoreDataFramework/Classes/NSEntityDescription_Class/NSEntityDescription.html</DocumentationFilePath>
    <Language>obj-c</Language>
  </SampleDesc>
  <SampleDesc>
    <ID>9EF519DDECBA182AA9C62D9CF549FB2F</ID>
    <FullTypeName>MonoTouch.CoreData.NSEntityDescription</FullTypeName>
    <DocumentationFilePath>/Library/Developer/Shared/Documentation/DocSets/com.apple.adc.documentation.AppleiOS5_0.iOSLibrary.docset/Contents/Resources/Documents/documentation/../documentation/Cocoa/Reference/CoreDataFramework/Classes/NSEntityDescription_Class/NSEntityDescription.html</DocumentationFilePath>
    <Language>obj-c</Language>
  </SampleDesc>
  <SampleDesc>
    <ID>4D3B763A705A845D7491A16C1B0C6BC1</ID>
    <FullTypeName>MonoTouch.CoreData.NSEntityDescription</FullTypeName>
    <DocumentationFilePath>/Library/Developer/Shared/Documentation/DocSets/com.apple.adc.documentation.AppleiOS5_0.iOSLibrary.docset/Contents/Resources/Documents/documentation/../documentation/Cocoa/Reference/CoreDataFramework/Classes/NSEntityDescription_Class/NSEntityDescription.html</DocumentationFilePath>
    <Language>obj-c</Language>
  </SampleDesc>
  <SampleDesc>
    <ID>0E86CD9A8A8E4C7894E8B0FB59747816</ID>
    <FullTypeName>MonoTouch.CoreData.NSEntityDescription</FullTypeName>
    <DocumentationFilePath>/Library/Developer/Shared/Documentation/DocSets/com.apple.adc.documentation.AppleiOS5_0.iOSLibrary.docset/Contents/Resources/Documents/documentation/../documentation/Cocoa/Reference/CoreDataFramework/Classes/NSEntityDescription_Class/NSEntityDescription.html</DocumentationFilePath>
    <Language>obj-c</Language>
  </SampleDesc>
  <SampleDesc>
    <ID>9EB74720CDAAF6D860F2BA3187726695</ID>
    <FullTypeName>MonoTouch.CoreData.NSFetchRequest</FullTypeName>
    <DocumentationFilePath>/Library/Developer/Shared/Documentation/DocSets/com.apple.adc.documentation.AppleiOS5_0.iOSLibrary.docset/Contents/Resources/Documents/documentation/../documentation/Cocoa/Reference/CoreDataFramework/Classes/NSFetchRequest_Class/NSFetchRequest.html</DocumentationFilePath>
    <Language>obj-c</Language>
  </SampleDesc>
  <SampleDesc>
    <ID>E5A8F70CE0FF05344839C30B3C198960</ID>
    <FullTypeName>MonoTouch.CoreData.NSManagedObject</FullTypeName>
    <DocumentationFilePath>/Library/Developer/Shared/Documentation/DocSets/com.apple.adc.documentation.AppleiOS5_0.iOSLibrary.docset/Contents/Resources/Documents/documentation/../documentation/Cocoa/Reference/CoreDataFramework/Classes/NSManagedObject_Class/Reference/NSManagedObject.html</DocumentationFilePath>
    <Language>obj-c</Language>
  </SampleDesc>
  <SampleDesc>
    <ID>9C7A07F2289B5997868E6C89E62CEAEB</ID>
    <FullTypeName>MonoTouch.CoreData.NSManagedObject</FullTypeName>
    <DocumentationFilePath>/Library/Developer/Shared/Documentation/DocSets/com.apple.adc.documentation.AppleiOS5_0.iOSLibrary.docset/Contents/Resources/Documents/documentation/../documentation/Cocoa/Reference/CoreDataFramework/Classes/NSManagedObject_Class/Reference/NSManagedObject.html</DocumentationFilePath>
    <Language>obj-c</Language>
  </SampleDesc>
  <SampleDesc>
    <ID>310AD7669A70A7E3508B8F29DE58BFC8</ID>
    <FullTypeName>MonoTouch.CoreData.NSManagedObject</FullTypeName>
    <DocumentationFilePath>/Library/Developer/Shared/Documentation/DocSets/com.apple.adc.documentation.AppleiOS5_0.iOSLibrary.docset/Contents/Resources/Documents/documentation/../documentation/Cocoa/Reference/CoreDataFramework/Classes/NSManagedObject_Class/Reference/NSManagedObject.html</DocumentationFilePath>
    <Language>obj-c</Language>
  </SampleDesc>
  <SampleDesc>
    <ID>F3BC97BBCBCFFFA30C0723C30677FE9F</ID>
    <FullTypeName>MonoTouch.CoreData.NSManagedObjectContext</FullTypeName>
    <DocumentationFilePath>/Library/Developer/Shared/Documentation/DocSets/com.apple.adc.documentation.AppleiOS5_0.iOSLibrary.docset/Contents/Resources/Documents/documentation/../documentation/Cocoa/Reference/CoreDataFramework/Classes/NSManagedObjectContext_Class/NSManagedObjectContext.html</DocumentationFilePath>
    <Language>obj-c</Language>
  </SampleDesc>
  <SampleDesc>
    <ID>0496BE26B0AA948C4DE5EE759ED82C2D</ID>
    <FullTypeName>MonoTouch.CoreData.NSManagedObjectModel</FullTypeName>
    <DocumentationFilePath>/Library/Developer/Shared/Documentation/DocSets/com.apple.adc.documentation.AppleiOS5_0.iOSLibrary.docset/Contents/Resources/Documents/documentation/../documentation/Cocoa/Reference/CoreDataFramework/Classes/NSManagedObjectModel_Class/Reference/Reference.html</DocumentationFilePath>
    <Language>obj-c</Language>
  </SampleDesc>
  <SampleDesc>
    <ID>6688C74BDCFEEBF35CF3DDDA9B5F4C32</ID>
    <FullTypeName>MonoTouch.QuickLook.QLPreviewControllerDelegate</FullTypeName>
    <DocumentationFilePath>/Library/Developer/Shared/Documentation/DocSets/com.apple.adc.documentation.AppleiOS5_0.iOSLibrary.docset/Contents/Resources/Documents/documentation/../documentation/NetworkingInternet/Reference/QLPreviewControllerDelegate_Protocol/Reference/Reference.html</DocumentationFilePath>
    <Language>obj-c</Language>
  </SampleDesc>
</ArrayOfSampleDesc>